timestamp, uuid, clocks_event_reasons.sw_thermal_slowdown, utilization.gpu [%], utilization.memory [%], memory.used [MiB], memory.total [MiB], temperature.gpu, power.draw [W], clocks.current.sm [MHz]
2026/04/02 16:55:33.892, GPU-91bec788-61b7-e51c-eeae-a6cdd03f11af, Not Active, 0, 0, 1, 24576, 33, 20.82, 300
2026/04/02 16:55:33.934, GPU-a723c805-7055-2b43-eb46-b37926a7520d, Not Active, 0, 0, 1, 24576, 31, 29.92, 300
2026/04/02 16:55:33.974, GPU-28720b7d-e6b0-a185-d30b-2ec27cb12532, Not Active, 0, 0, 1, 24576, 33, 30.14, 300
2026/04/02 16:55:34.016, GPU-a267a57f-d55d-8277-421e-50df32f51d78, Not Active, 0, 0, 1, 24576, 33, 22.98, 300
2026/04/02 16:55:39.061, GPU-91bec788-61b7-e51c-eeae-a6cdd03f11af, Not Active, 0, 0, 1, 24576, 33, 20.77, 300
2026/04/02 16:55:39.098, GPU-a723c805-7055-2b43-eb46-b37926a7520d, Not Active, 100, 74, 19124, 24576, 39, 254.16, 1590
2026/04/02 16:55:39.105, GPU-28720b7d-e6b0-a185-d30b-2ec27cb12532, Not Active, 0, 0, 1, 24576, 33, 29.99, 300
2026/04/02 16:55:39.142, GPU-a267a57f-d55d-8277-421e-50df32f51d78, Not Active, 0, 0, 1, 24576, 33, 22.77, 300
2026/04/02 16:55:44.179, GPU-91bec788-61b7-e51c-eeae-a6cdd03f11af, Not Active, 0, 0, 1, 24576, 33, 20.73, 300
2026/04/02 16:55:44.216, GPU-a723c805-7055-2b43-eb46-b37926a7520d, Not Active, 100, 75, 19124, 24576, 43, 260.02, 1590
2026/04/02 16:55:44.222, GPU-28720b7d-e6b0-a185-d30b-2ec27cb12532, Not Active, 0, 0, 1, 24576, 33, 30.08, 300
2026/04/02 16:55:44.257, GPU-a267a57f-d55d-8277-421e-50df32f51d78, Not Active, 0, 0, 1, 24576, 33, 22.48, 300
2026/04/02 16:55:49.293, GPU-91bec788-61b7-e51c-eeae-a6cdd03f11af, Not Active, 0, 0, 1, 24576, 33, 20.83, 300
2026/04/02 16:55:49.329, GPU-a723c805-7055-2b43-eb46-b37926a7520d, Not Active, 100, 76, 19124, 24576, 46, 256.16, 1560
2026/04/02 16:55:49.335, GPU-28720b7d-e6b0-a185-d30b-2ec27cb12532, Not Active, 0, 0, 1, 24576, 33, 29.48, 300
2026/04/02 16:55:49.371, GPU-a267a57f-d55d-8277-421e-50df32f51d78, Not Active, 0, 0, 1, 24576, 33, 22.65, 300
2026/04/02 16:55:54.407, GPU-91bec788-61b7-e51c-eeae-a6cdd03f11af, Not Active, 0, 0, 1, 24576, 33, 20.62, 300
2026/04/02 16:55:54.443, GPU-a723c805-7055-2b43-eb46-b37926a7520d, Not Active, 100, 75, 19124, 24576, 49, 264.60, 1575
2026/04/02 16:55:54.450, GPU-28720b7d-e6b0-a185-d30b-2ec27cb12532, Not Active, 0, 0, 1, 24576, 33, 29.83, 300
2026/04/02 16:55:54.486, GPU-a267a57f-d55d-8277-421e-50df32f51d78, Not Active, 0, 0, 1, 24576, 33, 23.05, 300
2026/04/02 16:55:59.523, GPU-91bec788-61b7-e51c-eeae-a6cdd03f11af, Not Active, 0, 0, 1, 24576, 33, 20.89, 300
2026/04/02 16:55:59.559, GPU-a723c805-7055-2b43-eb46-b37926a7520d, Not Active, 100, 78, 19124, 24576, 51, 252.93, 1620
2026/04/02 16:55:59.573, GPU-28720b7d-e6b0-a185-d30b-2ec27cb12532, Not Active, 0, 0, 1, 24576, 33, 29.67, 300
2026/04/02 16:55:59.609, GPU-a267a57f-d55d-8277-421e-50df32f51d78, Not Active, 0, 0, 1, 24576, 33, 22.99, 300
2026/04/02 16:56:04.646, GPU-91bec788-61b7-e51c-eeae-a6cdd03f11af, Not Active, 0, 0, 1, 24576, 33, 20.75, 300
2026/04/02 16:56:04.683, GPU-a723c805-7055-2b43-eb46-b37926a7520d, Not Active, 100, 75, 19124, 24576, 54, 260.29, 1545
2026/04/02 16:56:04.689, GPU-28720b7d-e6b0-a185-d30b-2ec27cb12532, Not Active, 0, 0, 1, 24576, 33, 29.87, 300
2026/04/02 16:56:04.725, GPU-a267a57f-d55d-8277-421e-50df32f51d78, Not Active, 0, 0, 1, 24576, 33, 22.96, 300
2026/04/02 16:56:09.762, GPU-91bec788-61b7-e51c-eeae-a6cdd03f11af, Not Active, 0, 0, 1, 24576, 33, 20.56, 300
2026/04/02 16:56:09.799, GPU-a723c805-7055-2b43-eb46-b37926a7520d, Not Active, 100, 76, 19124, 24576, 56, 247.63, 1530
2026/04/02 16:56:09.805, GPU-28720b7d-e6b0-a185-d30b-2ec27cb12532, Not Active, 0, 0, 1, 24576, 33, 30.15, 300
2026/04/02 16:56:09.842, GPU-a267a57f-d55d-8277-421e-50df32f51d78, Not Active, 0, 0, 1, 24576, 33, 23.06, 300
2026/04/02 16:56:14.878, GPU-91bec788-61b7-e51c-eeae-a6cdd03f11af, Not Active, 0, 0, 1, 24576, 33, 20.46, 300
2026/04/02 16:56:14.915, GPU-a723c805-7055-2b43-eb46-b37926a7520d, Not Active, 100, 76, 19124, 24576, 59, 251.26, 1530
2026/04/02 16:56:14.922, GPU-28720b7d-e6b0-a185-d30b-2ec27cb12532, Not Active, 0, 0, 1, 24576, 33, 29.95, 300
2026/04/02 16:56:14.958, GPU-a267a57f-d55d-8277-421e-50df32f51d78, Not Active, 0, 0, 1, 24576, 33, 22.85, 300
2026/04/02 16:56:19.994, GPU-91bec788-61b7-e51c-eeae-a6cdd03f11af, Not Active, 0, 0, 1, 24576, 33, 20.60, 300
2026/04/02 16:56:20.031, GPU-a723c805-7055-2b43-eb46-b37926a7520d, Not Active, 100, 73, 19124, 24576, 60, 256.16, 1515
2026/04/02 16:56:20.038, GPU-28720b7d-e6b0-a185-d30b-2ec27cb12532, Not Active, 0, 0, 1, 24576, 33, 30.07, 300
2026/04/02 16:56:20.074, GPU-a267a57f-d55d-8277-421e-50df32f51d78, Not Active, 0, 0, 1, 24576, 33, 22.82, 300
2026/04/02 16:56:25.111, GPU-91bec788-61b7-e51c-eeae-a6cdd03f11af, Not Active, 0, 0, 1, 24576, 33, 20.64, 300
2026/04/02 16:56:25.148, GPU-a723c805-7055-2b43-eb46-b37926a7520d, Not Active, 100, 76, 19124, 24576, 62, 257.02, 1515
2026/04/02 16:56:25.155, GPU-28720b7d-e6b0-a185-d30b-2ec27cb12532, Not Active, 0, 0, 1, 24576, 33, 29.91, 300
2026/04/02 16:56:25.193, GPU-a267a57f-d55d-8277-421e-50df32f51d78, Not Active, 0, 0, 1, 24576, 33, 22.87, 300
2026/04/02 16:56:30.230, GPU-91bec788-61b7-e51c-eeae-a6cdd03f11af, Not Active, 0, 0, 1, 24576, 33, 20.58, 300
2026/04/02 16:56:30.266, GPU-a723c805-7055-2b43-eb46-b37926a7520d, Not Active, 100, 75, 19124, 24576, 63, 249.43, 1515
2026/04/02 16:56:30.273, GPU-28720b7d-e6b0-a185-d30b-2ec27cb12532, Not Active, 0, 0, 1, 24576, 33, 29.59, 300
2026/04/02 16:56:30.309, GPU-a267a57f-d55d-8277-421e-50df32f51d78, Not Active, 0, 0, 1, 24576, 33, 23.04, 300
2026/04/02 16:56:35.346, GPU-91bec788-61b7-e51c-eeae-a6cdd03f11af, Not Active, 0, 0, 1, 24576, 33, 20.69, 300
2026/04/02 16:56:35.382, GPU-a723c805-7055-2b43-eb46-b37926a7520d, Not Active, 100, 75, 19124, 24576, 64, 250.64, 1500
2026/04/02 16:56:35.388, GPU-28720b7d-e6b0-a185-d30b-2ec27cb12532, Not Active, 0, 0, 1, 24576, 33, 29.91, 300
2026/04/02 16:56:35.424, GPU-a267a57f-d55d-8277-421e-50df32f51d78, Not Active, 0, 0, 1, 24576, 33, 22.98, 300
2026/04/02 16:56:40.460, GPU-91bec788-61b7-e51c-eeae-a6cdd03f11af, Not Active, 0, 0, 1, 24576, 33, 20.77, 300
2026/04/02 16:56:40.498, GPU-a723c805-7055-2b43-eb46-b37926a7520d, Not Active, 100, 74, 19124, 24576, 65, 261.20, 1485
2026/04/02 16:56:40.504, GPU-28720b7d-e6b0-a185-d30b-2ec27cb12532, Not Active, 0, 0, 1, 24576, 33, 29.83, 300
2026/04/02 16:56:40.539, GPU-a267a57f-d55d-8277-421e-50df32f51d78, Not Active, 0, 0, 1, 24576, 33, 22.82, 300
2026/04/02 16:56:45.576, GPU-91bec788-61b7-e51c-eeae-a6cdd03f11af, Not Active, 0, 0, 1, 24576, 33, 20.67, 300
2026/04/02 16:56:45.613, GPU-a723c805-7055-2b43-eb46-b37926a7520d, Not Active, 100, 75, 19124, 24576, 65, 251.78, 1485
2026/04/02 16:56:45.620, GPU-28720b7d-e6b0-a185-d30b-2ec27cb12532, Not Active, 0, 0, 1, 24576, 33, 29.70, 300
2026/04/02 16:56:45.656, GPU-a267a57f-d55d-8277-421e-50df32f51d78, Not Active, 0, 0, 1, 24576, 33, 22.87, 300
2026/04/02 16:56:50.693, GPU-91bec788-61b7-e51c-eeae-a6cdd03f11af, Not Active, 0, 0, 1, 24576, 33, 20.75, 300
2026/04/02 16:56:50.730, GPU-a723c805-7055-2b43-eb46-b37926a7520d, Not Active, 100, 75, 19124, 24576, 66, 257.89, 1470
2026/04/02 16:56:50.737, GPU-28720b7d-e6b0-a185-d30b-2ec27cb12532, Not Active, 0, 0, 1, 24576, 32, 29.31, 300
2026/04/02 16:56:50.773, GPU-a267a57f-d55d-8277-421e-50df32f51d78, Not Active, 0, 0, 1, 24576, 33, 22.81, 300
2026/04/02 16:56:55.811, GPU-91bec788-61b7-e51c-eeae-a6cdd03f11af, Not Active, 0, 0, 1, 24576, 32, 20.73, 300
2026/04/02 16:56:55.850, GPU-a723c805-7055-2b43-eb46-b37926a7520d, Not Active, 100, 77, 19124, 24576, 66, 251.09, 1575
2026/04/02 16:56:55.863, GPU-28720b7d-e6b0-a185-d30b-2ec27cb12532, Not Active, 0, 0, 1, 24576, 32, 29.62, 300
2026/04/02 16:56:55.899, GPU-a267a57f-d55d-8277-421e-50df32f51d78, Not Active, 0, 0, 1, 24576, 33, 23.03, 300
2026/04/02 16:57:00.938, GPU-91bec788-61b7-e51c-eeae-a6cdd03f11af, Not Active, 0, 0, 1, 24576, 32, 20.56, 300
2026/04/02 16:57:00.975, GPU-a723c805-7055-2b43-eb46-b37926a7520d, Not Active, 100, 82, 19124, 24576, 67, 257.21, 1485
2026/04/02 16:57:00.981, GPU-28720b7d-e6b0-a185-d30b-2ec27cb12532, Not Active, 0, 0, 1, 24576, 32, 29.59, 300
2026/04/02 16:57:01.017, GPU-a267a57f-d55d-8277-421e-50df32f51d78, Not Active, 0, 0, 1, 24576, 33, 22.78, 300
2026/04/02 16:57:06.053, GPU-91bec788-61b7-e51c-eeae-a6cdd03f11af, Not Active, 0, 0, 1, 24576, 32, 20.69, 300
2026/04/02 16:57:06.089, GPU-a723c805-7055-2b43-eb46-b37926a7520d, Not Active, 100, 71, 19124, 24576, 67, 258.17, 1470
2026/04/02 16:57:06.098, GPU-28720b7d-e6b0-a185-d30b-2ec27cb12532, Not Active, 0, 0, 1, 24576, 32, 29.83, 300
2026/04/02 16:57:06.135, GPU-a267a57f-d55d-8277-421e-50df32f51d78, Not Active, 0, 0, 1, 24576, 33, 22.82, 300
2026/04/02 16:57:11.170, GPU-91bec788-61b7-e51c-eeae-a6cdd03f11af, Not Active, 0, 0, 1, 24576, 32, 20.74, 300
2026/04/02 16:57:11.207, GPU-a723c805-7055-2b43-eb46-b37926a7520d, Not Active, 100, 75, 19124, 24576, 67, 255.49, 1470
2026/04/02 16:57:11.213, GPU-28720b7d-e6b0-a185-d30b-2ec27cb12532, Not Active, 0, 0, 1, 24576, 32, 29.77, 300
2026/04/02 16:57:11.249, GPU-a267a57f-d55d-8277-421e-50df32f51d78, Not Active, 0, 0, 1, 24576, 33, 22.63, 300
2026/04/02 16:57:16.285, GPU-91bec788-61b7-e51c-eeae-a6cdd03f11af, Not Active, 0, 0, 1, 24576, 32, 20.83, 300
2026/04/02 16:57:16.321, GPU-a723c805-7055-2b43-eb46-b37926a7520d, Not Active, 100, 75, 19124, 24576, 67, 257.72, 1470
2026/04/02 16:57:16.327, GPU-28720b7d-e6b0-a185-d30b-2ec27cb12532, Not Active, 0, 0, 1, 24576, 32, 29.38, 300
2026/04/02 16:57:16.363, GPU-a267a57f-d55d-8277-421e-50df32f51d78, Not Active, 0, 0, 1, 24576, 32, 22.90, 300
2026/04/02 16:57:21.400, GPU-91bec788-61b7-e51c-eeae-a6cdd03f11af, Not Active, 0, 0, 1, 24576, 32, 20.90, 300
2026/04/02 16:57:21.436, GPU-a723c805-7055-2b43-eb46-b37926a7520d, Not Active, 100, 76, 19124, 24576, 67, 251.71, 1455
2026/04/02 16:57:21.443, GPU-28720b7d-e6b0-a185-d30b-2ec27cb12532, Not Active, 0, 0, 1, 24576, 32, 29.52, 300
2026/04/02 16:57:21.478, GPU-a267a57f-d55d-8277-421e-50df32f51d78, Not Active, 0, 0, 1, 24576, 33, 22.86, 300
2026/04/02 16:57:26.515, GPU-91bec788-61b7-e51c-eeae-a6cdd03f11af, Not Active, 0, 0, 1, 24576, 32, 20.93, 300
2026/04/02 16:57:26.552, GPU-a723c805-7055-2b43-eb46-b37926a7520d, Not Active, 100, 75, 19124, 24576, 67, 254.43, 1470
2026/04/02 16:57:26.558, GPU-28720b7d-e6b0-a185-d30b-2ec27cb12532, Not Active, 0, 0, 1, 24576, 32, 29.72, 300
2026/04/02 16:57:26.595, GPU-a267a57f-d55d-8277-421e-50df32f51d78, Not Active, 0, 0, 1, 24576, 33, 22.66, 300
2026/04/02 16:57:31.631, GPU-91bec788-61b7-e51c-eeae-a6cdd03f11af, Not Active, 0, 0, 1, 24576, 32, 20.81, 300
2026/04/02 16:57:31.668, GPU-a723c805-7055-2b43-eb46-b37926a7520d, Not Active, 100, 76, 19124, 24576, 67, 246.96, 1470
2026/04/02 16:57:31.675, GPU-28720b7d-e6b0-a185-d30b-2ec27cb12532, Not Active, 0, 0, 1, 24576, 32, 29.45, 300
2026/04/02 16:57:31.711, GPU-a267a57f-d55d-8277-421e-50df32f51d78, Not Active, 0, 0, 1, 24576, 33, 22.94, 300
2026/04/02 16:57:36.748, GPU-91bec788-61b7-e51c-eeae-a6cdd03f11af, Not Active, 0, 0, 1, 24576, 32, 20.94, 300
2026/04/02 16:57:36.785, GPU-a723c805-7055-2b43-eb46-b37926a7520d, Not Active, 100, 71, 19124, 24576, 67, 250.85, 1485
2026/04/02 16:57:36.795, GPU-28720b7d-e6b0-a185-d30b-2ec27cb12532, Not Active, 0, 0, 1, 24576, 32, 29.62, 300
2026/04/02 16:57:36.831, GPU-a267a57f-d55d-8277-421e-50df32f51d78, Not Active, 0, 0, 1, 24576, 32, 22.69, 300
2026/04/02 16:57:41.867, GPU-91bec788-61b7-e51c-eeae-a6cdd03f11af, Not Active, 0, 0, 1, 24576, 32, 20.70, 300
2026/04/02 16:57:41.904, GPU-a723c805-7055-2b43-eb46-b37926a7520d, Not Active, 100, 75, 19124, 24576, 67, 254.68, 1470
2026/04/02 16:57:41.910, GPU-28720b7d-e6b0-a185-d30b-2ec27cb12532, Not Active, 0, 0, 1, 24576, 32, 29.65, 300
2026/04/02 16:57:41.947, GPU-a267a57f-d55d-8277-421e-50df32f51d78, Not Active, 0, 0, 1, 24576, 32, 22.87, 300
2026/04/02 16:57:46.983, GPU-91bec788-61b7-e51c-eeae-a6cdd03f11af, Not Active, 0, 0, 1, 24576, 32, 20.82, 300
2026/04/02 16:57:47.019, GPU-a723c805-7055-2b43-eb46-b37926a7520d, Not Active, 100, 75, 19124, 24576, 67, 260.47, 1470
2026/04/02 16:57:47.027, GPU-28720b7d-e6b0-a185-d30b-2ec27cb12532, Not Active, 0, 0, 1, 24576, 32, 29.34, 300
2026/04/02 16:57:47.063, GPU-a267a57f-d55d-8277-421e-50df32f51d78, Not Active, 0, 0, 1, 24576, 32, 22.80, 300
2026/04/02 16:57:52.100, GPU-91bec788-61b7-e51c-eeae-a6cdd03f11af, Not Active, 0, 0, 1, 24576, 32, 20.94, 300
2026/04/02 16:57:52.137, GPU-a723c805-7055-2b43-eb46-b37926a7520d, Not Active, 100, 75, 19124, 24576, 67, 251.41, 1470
2026/04/02 16:57:52.144, GPU-28720b7d-e6b0-a185-d30b-2ec27cb12532, Not Active, 0, 0, 1, 24576, 32, 29.71, 300
2026/04/02 16:57:52.180, GPU-a267a57f-d55d-8277-421e-50df32f51d78, Not Active, 0, 0, 1, 24576, 32, 22.86, 300
2026/04/02 16:57:57.217, GPU-91bec788-61b7-e51c-eeae-a6cdd03f11af, Not Active, 0, 0, 1, 24576, 32, 21.06, 300
2026/04/02 16:57:57.254, GPU-a723c805-7055-2b43-eb46-b37926a7520d, Not Active, 100, 72, 19124, 24576, 67, 259.79, 1470
2026/04/02 16:57:57.261, GPU-28720b7d-e6b0-a185-d30b-2ec27cb12532, Not Active, 0, 0, 1, 24576, 32, 29.60, 300
2026/04/02 16:57:57.298, GPU-a267a57f-d55d-8277-421e-50df32f51d78, Not Active, 0, 0, 1, 24576, 32, 22.78, 300
2026/04/02 16:58:02.334, GPU-91bec788-61b7-e51c-eeae-a6cdd03f11af, Not Active, 0, 0, 1, 24576, 32, 20.85, 300
2026/04/02 16:58:02.371, GPU-a723c805-7055-2b43-eb46-b37926a7520d, Not Active, 100, 76, 19124, 24576, 67, 245.43, 1470
2026/04/02 16:58:02.379, GPU-28720b7d-e6b0-a185-d30b-2ec27cb12532, Not Active, 0, 0, 1, 24576, 32, 29.63, 300
2026/04/02 16:58:02.414, GPU-a267a57f-d55d-8277-421e-50df32f51d78, Not Active, 0, 0, 1, 24576, 33, 22.77, 300
2026/04/02 16:58:07.450, GPU-91bec788-61b7-e51c-eeae-a6cdd03f11af, Not Active, 0, 0, 1, 24576, 32, 20.81, 300
2026/04/02 16:58:07.487, GPU-a723c805-7055-2b43-eb46-b37926a7520d, Not Active, 100, 75, 19124, 24576, 67, 249.18, 1455
2026/04/02 16:58:07.497, GPU-28720b7d-e6b0-a185-d30b-2ec27cb12532, Not Active, 0, 0, 1, 24576, 32, 29.61, 300
2026/04/02 16:58:07.533, GPU-a267a57f-d55d-8277-421e-50df32f51d78, Not Active, 0, 0, 1, 24576, 32, 23.11, 300
2026/04/02 16:58:12.569, GPU-91bec788-61b7-e51c-eeae-a6cdd03f11af, Not Active, 0, 0, 1, 24576, 32, 20.79, 300
2026/04/02 16:58:12.606, GPU-a723c805-7055-2b43-eb46-b37926a7520d, Not Active, 100, 76, 19124, 24576, 67, 248.93, 1470
2026/04/02 16:58:12.613, GPU-28720b7d-e6b0-a185-d30b-2ec27cb12532, Not Active, 0, 0, 1, 24576, 32, 29.83, 300
2026/04/02 16:58:12.649, GPU-a267a57f-d55d-8277-421e-50df32f51d78, Not Active, 0, 0, 1, 24576, 32, 22.87, 300
2026/04/02 16:58:17.686, GPU-91bec788-61b7-e51c-eeae-a6cdd03f11af, Not Active, 0, 0, 1, 24576, 31, 21.01, 300
2026/04/02 16:58:17.723, GPU-a723c805-7055-2b43-eb46-b37926a7520d, Not Active, 100, 73, 19124, 24576, 68, 261.07, 1470
2026/04/02 16:58:17.730, GPU-28720b7d-e6b0-a185-d30b-2ec27cb12532, Not Active, 0, 0, 1, 24576, 32, 29.47, 300
2026/04/02 16:58:17.766, GPU-a267a57f-d55d-8277-421e-50df32f51d78, Not Active, 0, 0, 1, 24576, 32, 22.91, 300
2026/04/02 16:58:22.802, GPU-91bec788-61b7-e51c-eeae-a6cdd03f11af, Not Active, 0, 0, 1, 24576, 31, 20.87, 300
2026/04/02 16:58:22.838, GPU-a723c805-7055-2b43-eb46-b37926a7520d, Not Active, 100, 77, 19124, 24576, 67, 257.36, 1470
2026/04/02 16:58:22.847, GPU-28720b7d-e6b0-a185-d30b-2ec27cb12532, Not Active, 0, 0, 1, 24576, 32, 29.27, 300
2026/04/02 16:58:22.883, GPU-a267a57f-d55d-8277-421e-50df32f51d78, Not Active, 0, 0, 1, 24576, 32, 22.94, 300
2026/04/02 16:58:27.919, GPU-91bec788-61b7-e51c-eeae-a6cdd03f11af, Not Active, 0, 0, 1, 24576, 31, 20.66, 300
2026/04/02 16:58:27.956, GPU-a723c805-7055-2b43-eb46-b37926a7520d, Not Active, 100, 77, 19124, 24576, 67, 258.98, 1470
2026/04/02 16:58:27.963, GPU-28720b7d-e6b0-a185-d30b-2ec27cb12532, Not Active, 0, 0, 1, 24576, 32, 29.84, 300
2026/04/02 16:58:27.999, GPU-a267a57f-d55d-8277-421e-50df32f51d78, Not Active, 0, 0, 1, 24576, 32, 23.18, 300
2026/04/02 16:58:33.036, GPU-91bec788-61b7-e51c-eeae-a6cdd03f11af, Not Active, 0, 0, 1, 24576, 31, 20.74, 300
2026/04/02 16:58:33.073, GPU-a723c805-7055-2b43-eb46-b37926a7520d, Not Active, 100, 75, 19124, 24576, 67, 251.12, 1485
2026/04/02 16:58:33.080, GPU-28720b7d-e6b0-a185-d30b-2ec27cb12532, Not Active, 0, 0, 1, 24576, 32, 29.75, 300
2026/04/02 16:58:33.116, GPU-a267a57f-d55d-8277-421e-50df32f51d78, Not Active, 0, 0, 1, 24576, 32, 23.21, 300
2026/04/02 16:58:38.152, GPU-91bec788-61b7-e51c-eeae-a6cdd03f11af, Not Active, 0, 0, 1, 24576, 31, 20.77, 300
2026/04/02 16:58:38.190, GPU-a723c805-7055-2b43-eb46-b37926a7520d, Not Active, 100, 81, 19124, 24576, 67, 246.50, 1485
2026/04/02 16:58:38.197, GPU-28720b7d-e6b0-a185-d30b-2ec27cb12532, Not Active, 0, 0, 1, 24576, 32, 29.67, 300
2026/04/02 16:58:38.233, GPU-a267a57f-d55d-8277-421e-50df32f51d78, Not Active, 0, 0, 1, 24576, 32, 23.63, 300
2026/04/02 16:58:43.269, GPU-91bec788-61b7-e51c-eeae-a6cdd03f11af, Not Active, 0, 0, 1, 24576, 31, 20.83, 300
2026/04/02 16:58:43.306, GPU-a723c805-7055-2b43-eb46-b37926a7520d, Not Active, 100, 83, 19124, 24576, 67, 260.45, 1485
2026/04/02 16:58:43.313, GPU-28720b7d-e6b0-a185-d30b-2ec27cb12532, Not Active, 0, 0, 1, 24576, 32, 29.64, 300
2026/04/02 16:58:43.349, GPU-a267a57f-d55d-8277-421e-50df32f51d78, Not Active, 0, 0, 1, 24576, 32, 23.16, 300
2026/04/02 16:58:48.385, GPU-91bec788-61b7-e51c-eeae-a6cdd03f11af, Not Active, 0, 0, 1, 24576, 31, 20.80, 300
2026/04/02 16:58:48.421, GPU-a723c805-7055-2b43-eb46-b37926a7520d, Not Active, 100, 75, 19124, 24576, 67, 256.88, 1470
2026/04/02 16:58:48.429, GPU-28720b7d-e6b0-a185-d30b-2ec27cb12532, Not Active, 0, 0, 1, 24576, 32, 29.83, 300
2026/04/02 16:58:48.465, GPU-a267a57f-d55d-8277-421e-50df32f51d78, Not Active, 0, 0, 1, 24576, 32, 23.27, 300
2026/04/02 16:58:53.501, GPU-91bec788-61b7-e51c-eeae-a6cdd03f11af, Not Active, 0, 0, 1, 24576, 31, 20.82, 300
2026/04/02 16:58:53.538, GPU-a723c805-7055-2b43-eb46-b37926a7520d, Not Active, 100, 75, 19124, 24576, 67, 255.04, 1470
2026/04/02 16:58:53.545, GPU-28720b7d-e6b0-a185-d30b-2ec27cb12532, Not Active, 0, 0, 1, 24576, 32, 29.44, 300
2026/04/02 16:58:53.580, GPU-a267a57f-d55d-8277-421e-50df32f51d78, Not Active, 0, 0, 1, 24576, 32, 22.98, 300
2026/04/02 16:58:58.617, GPU-91bec788-61b7-e51c-eeae-a6cdd03f11af, Not Active, 0, 0, 1, 24576, 31, 20.71, 300
2026/04/02 16:58:58.653, GPU-a723c805-7055-2b43-eb46-b37926a7520d, Not Active, 100, 76, 19124, 24576, 67, 247.20, 1470
2026/04/02 16:58:58.660, GPU-28720b7d-e6b0-a185-d30b-2ec27cb12532, Not Active, 0, 0, 1, 24576, 32, 29.93, 300
2026/04/02 16:58:58.696, GPU-a267a57f-d55d-8277-421e-50df32f51d78, Not Active, 0, 0, 1, 24576, 32, 23.02, 300
2026/04/02 16:59:03.734, GPU-91bec788-61b7-e51c-eeae-a6cdd03f11af, Not Active, 0, 0, 1, 24576, 31, 20.92, 300
2026/04/02 16:59:03.770, GPU-a723c805-7055-2b43-eb46-b37926a7520d, Not Active, 100, 77, 19124, 24576, 67, 255.04, 1455
2026/04/02 16:59:03.780, GPU-28720b7d-e6b0-a185-d30b-2ec27cb12532, Not Active, 0, 0, 1, 24576, 32, 30.05, 300
2026/04/02 16:59:03.815, GPU-a267a57f-d55d-8277-421e-50df32f51d78, Not Active, 0, 0, 1, 24576, 32, 23.05, 300
2026/04/02 16:59:08.853, GPU-91bec788-61b7-e51c-eeae-a6cdd03f11af, Not Active, 0, 0, 1, 24576, 31, 20.80, 300
2026/04/02 16:59:08.889, GPU-a723c805-7055-2b43-eb46-b37926a7520d, Not Active, 100, 75, 19124, 24576, 67, 254.84, 1470
2026/04/02 16:59:08.900, GPU-28720b7d-e6b0-a185-d30b-2ec27cb12532, Not Active, 0, 0, 1, 24576, 32, 29.61, 300
2026/04/02 16:59:08.936, GPU-a267a57f-d55d-8277-421e-50df32f51d78, Not Active, 0, 0, 1, 24576, 32, 22.78, 300
2026/04/02 16:59:13.974, GPU-91bec788-61b7-e51c-eeae-a6cdd03f11af, Not Active, 0, 0, 1, 24576, 31, 20.79, 300
2026/04/02 16:59:14.011, GPU-a723c805-7055-2b43-eb46-b37926a7520d, Not Active, 100, 75, 19124, 24576, 67, 253.66, 1470
2026/04/02 16:59:14.018, GPU-28720b7d-e6b0-a185-d30b-2ec27cb12532, Not Active, 0, 0, 1, 24576, 32, 29.70, 300
2026/04/02 16:59:14.054, GPU-a267a57f-d55d-8277-421e-50df32f51d78, Not Active, 0, 0, 1, 24576, 32, 22.74, 300
2026/04/02 16:59:19.090, GPU-91bec788-61b7-e51c-eeae-a6cdd03f11af, Not Active, 0, 0, 1, 24576, 31, 20.80, 300
2026/04/02 16:59:19.127, GPU-a723c805-7055-2b43-eb46-b37926a7520d, Not Active, 100, 75, 19124, 24576, 67, 259.91, 1455
2026/04/02 16:59:19.134, GPU-28720b7d-e6b0-a185-d30b-2ec27cb12532, Not Active, 0, 0, 1, 24576, 32, 29.79, 300
2026/04/02 16:59:19.170, GPU-a267a57f-d55d-8277-421e-50df32f51d78, Not Active, 0, 0, 1, 24576, 32, 22.97, 300
2026/04/02 16:59:24.207, GPU-91bec788-61b7-e51c-eeae-a6cdd03f11af, Not Active, 0, 0, 1, 24576, 31, 20.80, 300
2026/04/02 16:59:24.244, GPU-a723c805-7055-2b43-eb46-b37926a7520d, Not Active, 100, 76, 19124, 24576, 68, 249.10, 1470
2026/04/02 16:59:24.250, GPU-28720b7d-e6b0-a185-d30b-2ec27cb12532, Not Active, 0, 0, 1, 24576, 32, 29.18, 300
2026/04/02 16:59:24.286, GPU-a267a57f-d55d-8277-421e-50df32f51d78, Not Active, 0, 0, 1, 24576, 32, 23.33, 300
2026/04/02 16:59:29.323, GPU-91bec788-61b7-e51c-eeae-a6cdd03f11af, Not Active, 0, 0, 1, 24576, 31, 20.73, 300
2026/04/02 16:59:29.360, GPU-a723c805-7055-2b43-eb46-b37926a7520d, Not Active, 100, 75, 19124, 24576, 67, 248.37, 1470
2026/04/02 16:59:29.367, GPU-28720b7d-e6b0-a185-d30b-2ec27cb12532, Not Active, 0, 0, 1, 24576, 32, 29.30, 300
2026/04/02 16:59:29.403, GPU-a267a57f-d55d-8277-421e-50df32f51d78, Not Active, 0, 0, 1, 24576, 32, 23.10, 300
2026/04/02 16:59:34.440, GPU-91bec788-61b7-e51c-eeae-a6cdd03f11af, Not Active, 0, 0, 1, 24576, 31, 20.68, 300
2026/04/02 16:59:34.476, GPU-a723c805-7055-2b43-eb46-b37926a7520d, Not Active, 100, 77, 19124, 24576, 67, 246.74, 1470
2026/04/02 16:59:34.484, GPU-28720b7d-e6b0-a185-d30b-2ec27cb12532, Not Active, 0, 0, 1, 24576, 32, 29.67, 300
2026/04/02 16:59:34.520, GPU-a267a57f-d55d-8277-421e-50df32f51d78, Not Active, 0, 0, 1, 24576, 32, 22.82, 300
2026/04/02 16:59:39.556, GPU-91bec788-61b7-e51c-eeae-a6cdd03f11af, Not Active, 0, 0, 1, 24576, 31, 20.49, 300
2026/04/02 16:59:39.593, GPU-a723c805-7055-2b43-eb46-b37926a7520d, Not Active, 100, 75, 19124, 24576, 67, 248.57, 1470
2026/04/02 16:59:39.599, GPU-28720b7d-e6b0-a185-d30b-2ec27cb12532, Not Active, 0, 0, 1, 24576, 32, 29.81, 300
2026/04/02 16:59:39.635, GPU-a267a57f-d55d-8277-421e-50df32f51d78, Not Active, 0, 0, 1, 24576, 32, 23.31, 300
2026/04/02 16:59:44.672, GPU-91bec788-61b7-e51c-eeae-a6cdd03f11af, Not Active, 0, 0, 1, 24576, 31, 20.92, 300
2026/04/02 16:59:44.708, GPU-a723c805-7055-2b43-eb46-b37926a7520d, Not Active, 100, 76, 19124, 24576, 67, 255.67, 1470
2026/04/02 16:59:44.716, GPU-28720b7d-e6b0-a185-d30b-2ec27cb12532, Not Active, 0, 0, 1, 24576, 32, 29.89, 300
2026/04/02 16:59:44.752, GPU-a267a57f-d55d-8277-421e-50df32f51d78, Not Active, 0, 0, 1, 24576, 32, 22.99, 300
2026/04/02 16:59:49.789, GPU-91bec788-61b7-e51c-eeae-a6cdd03f11af, Not Active, 0, 0, 1, 24576, 31, 20.82, 300
2026/04/02 16:59:49.825, GPU-a723c805-7055-2b43-eb46-b37926a7520d, Not Active, 100, 77, 19124, 24576, 67, 249.24, 1470
2026/04/02 16:59:49.832, GPU-28720b7d-e6b0-a185-d30b-2ec27cb12532, Not Active, 0, 0, 1, 24576, 32, 30.01, 300
2026/04/02 16:59:49.868, GPU-a267a57f-d55d-8277-421e-50df32f51d78, Not Active, 0, 0, 1, 24576, 32, 23.02, 300
2026/04/02 16:59:54.905, GPU-91bec788-61b7-e51c-eeae-a6cdd03f11af, Not Active, 0, 0, 1, 24576, 31, 20.75, 300
2026/04/02 16:59:54.941, GPU-a723c805-7055-2b43-eb46-b37926a7520d, Not Active, 100, 76, 19124, 24576, 67, 249.01, 1470
2026/04/02 16:59:54.948, GPU-28720b7d-e6b0-a185-d30b-2ec27cb12532, Not Active, 0, 0, 1, 24576, 32, 29.87, 300
2026/04/02 16:59:54.984, GPU-a267a57f-d55d-8277-421e-50df32f51d78, Not Active, 0, 0, 1, 24576, 32, 23.29, 300
2026/04/02 17:00:00.021, GPU-91bec788-61b7-e51c-eeae-a6cdd03f11af, Not Active, 0, 0, 1, 24576, 31, 20.98, 300
2026/04/02 17:00:00.058, GPU-a723c805-7055-2b43-eb46-b37926a7520d, Not Active, 100, 77, 19124, 24576, 67, 250.23, 1470
2026/04/02 17:00:00.065, GPU-28720b7d-e6b0-a185-d30b-2ec27cb12532, Not Active, 0, 0, 1, 24576, 32, 29.89, 300
2026/04/02 17:00:00.102, GPU-a267a57f-d55d-8277-421e-50df32f51d78, Not Active, 0, 0, 1, 24576, 32, 23.27, 300
2026/04/02 17:00:05.139, GPU-91bec788-61b7-e51c-eeae-a6cdd03f11af, Not Active, 0, 0, 1, 24576, 31, 20.72, 300
2026/04/02 17:00:05.176, GPU-a723c805-7055-2b43-eb46-b37926a7520d, Not Active, 100, 75, 19124, 24576, 68, 259.91, 1470
2026/04/02 17:00:05.184, GPU-28720b7d-e6b0-a185-d30b-2ec27cb12532, Not Active, 0, 0, 1, 24576, 32, 29.54, 300
2026/04/02 17:00:05.221, GPU-a267a57f-d55d-8277-421e-50df32f51d78, Not Active, 0, 0, 1, 24576, 32, 23.16, 300
2026/04/02 17:00:10.258, GPU-91bec788-61b7-e51c-eeae-a6cdd03f11af, Not Active, 0, 0, 1, 24576, 31, 20.62, 300
2026/04/02 17:00:10.295, GPU-a723c805-7055-2b43-eb46-b37926a7520d, Not Active, 100, 74, 19124, 24576, 67, 248.23, 1455
2026/04/02 17:00:10.304, GPU-28720b7d-e6b0-a185-d30b-2ec27cb12532, Not Active, 0, 0, 1, 24576, 32, 29.52, 300
2026/04/02 17:00:10.341, GPU-a267a57f-d55d-8277-421e-50df32f51d78, Not Active, 0, 0, 1, 24576, 32, 23.25, 300
2026/04/02 17:00:15.377, GPU-91bec788-61b7-e51c-eeae-a6cdd03f11af, Not Active, 0, 0, 1, 24576, 31, 20.68, 300
2026/04/02 17:00:15.414, GPU-a723c805-7055-2b43-eb46-b37926a7520d, Not Active, 100, 75, 19124, 24576, 67, 254.95, 1470
2026/04/02 17:00:15.421, GPU-28720b7d-e6b0-a185-d30b-2ec27cb12532, Not Active, 0, 0, 1, 24576, 32, 30.03, 300
2026/04/02 17:00:15.457, GPU-a267a57f-d55d-8277-421e-50df32f51d78, Not Active, 0, 0, 1, 24576, 32, 22.96, 300
2026/04/02 17:00:20.495, GPU-91bec788-61b7-e51c-eeae-a6cdd03f11af, Not Active, 0, 0, 1, 24576, 31, 20.73, 300
2026/04/02 17:00:20.532, GPU-a723c805-7055-2b43-eb46-b37926a7520d, Not Active, 100, 71, 19124, 24576, 67, 255.89, 1455
2026/04/02 17:00:20.539, GPU-28720b7d-e6b0-a185-d30b-2ec27cb12532, Not Active, 0, 0, 1, 24576, 32, 29.81, 300
2026/04/02 17:00:20.575, GPU-a267a57f-d55d-8277-421e-50df32f51d78, Not Active, 0, 0, 1, 24576, 32, 23.35, 300
2026/04/02 17:00:25.611, GPU-91bec788-61b7-e51c-eeae-a6cdd03f11af, Not Active, 0, 0, 1, 24576, 31, 20.84, 300
2026/04/02 17:00:25.648, GPU-a723c805-7055-2b43-eb46-b37926a7520d, Not Active, 100, 76, 19124, 24576, 67, 247.22, 1470
2026/04/02 17:00:25.655, GPU-28720b7d-e6b0-a185-d30b-2ec27cb12532, Not Active, 0, 0, 1, 24576, 32, 29.66, 300
2026/04/02 17:00:25.691, GPU-a267a57f-d55d-8277-421e-50df32f51d78, Not Active, 0, 0, 1, 24576, 32, 23.22, 300
2026/04/02 17:00:30.728, GPU-91bec788-61b7-e51c-eeae-a6cdd03f11af, Not Active, 0, 0, 1, 24576, 31, 20.61, 300
2026/04/02 17:00:30.764, GPU-a723c805-7055-2b43-eb46-b37926a7520d, Not Active, 100, 76, 19124, 24576, 67, 251.95, 1470
2026/04/02 17:00:30.771, GPU-28720b7d-e6b0-a185-d30b-2ec27cb12532, Not Active, 0, 0, 1, 24576, 32, 29.55, 300
2026/04/02 17:00:30.807, GPU-a267a57f-d55d-8277-421e-50df32f51d78, Not Active, 0, 0, 1, 24576, 32, 23.32, 300
2026/04/02 17:00:35.843, GPU-91bec788-61b7-e51c-eeae-a6cdd03f11af, Not Active, 0, 0, 1, 24576, 31, 20.57, 300
2026/04/02 17:00:35.879, GPU-a723c805-7055-2b43-eb46-b37926a7520d, Not Active, 100, 77, 19124, 24576, 67, 246.18, 1470
2026/04/02 17:00:35.890, GPU-28720b7d-e6b0-a185-d30b-2ec27cb12532, Not Active, 0, 0, 1, 24576, 32, 29.49, 300
2026/04/02 17:00:35.926, GPU-a267a57f-d55d-8277-421e-50df32f51d78, Not Active, 0, 0, 1, 24576, 32, 23.18, 300
2026/04/02 17:00:40.963, GPU-91bec788-61b7-e51c-eeae-a6cdd03f11af, Not Active, 0, 0, 1, 24576, 31, 20.55, 300
2026/04/02 17:00:41.000, GPU-a723c805-7055-2b43-eb46-b37926a7520d, Not Active, 100, 83, 19124, 24576, 67, 248.14, 1500
2026/04/02 17:00:41.006, GPU-28720b7d-e6b0-a185-d30b-2ec27cb12532, Not Active, 0, 0, 1, 24576, 32, 29.43, 300
2026/04/02 17:00:41.041, GPU-a267a57f-d55d-8277-421e-50df32f51d78, Not Active, 0, 0, 1, 24576, 32, 23.16, 300
2026/04/02 17:00:46.078, GPU-91bec788-61b7-e51c-eeae-a6cdd03f11af, Not Active, 0, 0, 1, 24576, 31, 20.75, 300
2026/04/02 17:00:46.115, GPU-a723c805-7055-2b43-eb46-b37926a7520d, Not Active, 100, 85, 19124, 24576, 67, 260.11, 1485
2026/04/02 17:00:46.122, GPU-28720b7d-e6b0-a185-d30b-2ec27cb12532, Not Active, 0, 0, 1, 24576, 32, 29.73, 300
2026/04/02 17:00:46.159, GPU-a267a57f-d55d-8277-421e-50df32f51d78, Not Active, 0, 0, 1, 24576, 32, 23.01, 300
2026/04/02 17:00:51.196, GPU-91bec788-61b7-e51c-eeae-a6cdd03f11af, Not Active, 0, 0, 1, 24576, 31, 20.73, 300
2026/04/02 17:00:51.232, GPU-a723c805-7055-2b43-eb46-b37926a7520d, Not Active, 100, 74, 19124, 24576, 67, 255.41, 1470
2026/04/02 17:00:51.241, GPU-28720b7d-e6b0-a185-d30b-2ec27cb12532, Not Active, 0, 0, 1, 24576, 32, 29.39, 300
2026/04/02 17:00:51.278, GPU-a267a57f-d55d-8277-421e-50df32f51d78, Not Active, 0, 0, 1, 24576, 32, 22.78, 300
2026/04/02 17:00:56.317, GPU-91bec788-61b7-e51c-eeae-a6cdd03f11af, Not Active, 0, 0, 1, 24576, 31, 20.78, 300
2026/04/02 17:00:56.354, GPU-a723c805-7055-2b43-eb46-b37926a7520d, Not Active, 100, 75, 19124, 24576, 67, 250.68, 1470
2026/04/02 17:00:56.361, GPU-28720b7d-e6b0-a185-d30b-2ec27cb12532, Not Active, 0, 0, 1, 24576, 32, 29.78, 300
2026/04/02 17:00:56.397, GPU-a267a57f-d55d-8277-421e-50df32f51d78, Not Active, 0, 0, 1, 24576, 32, 22.92, 300
2026/04/02 17:01:01.434, GPU-91bec788-61b7-e51c-eeae-a6cdd03f11af, Not Active, 0, 0, 1, 24576, 31, 20.75, 300
2026/04/02 17:01:01.470, GPU-a723c805-7055-2b43-eb46-b37926a7520d, Not Active, 100, 76, 19124, 24576, 67, 252.26, 1470
2026/04/02 17:01:01.478, GPU-28720b7d-e6b0-a185-d30b-2ec27cb12532, Not Active, 0, 0, 1, 24576, 32, 29.71, 300
2026/04/02 17:01:01.514, GPU-a267a57f-d55d-8277-421e-50df32f51d78, Not Active, 0, 0, 1, 24576, 32, 23.04, 300
2026/04/02 17:01:06.550, GPU-91bec788-61b7-e51c-eeae-a6cdd03f11af, Not Active, 0, 0, 1, 24576, 31, 20.83, 300
2026/04/02 17:01:06.586, GPU-a723c805-7055-2b43-eb46-b37926a7520d, Not Active, 100, 76, 19124, 24576, 67, 254.63, 1470
2026/04/02 17:01:06.593, GPU-28720b7d-e6b0-a185-d30b-2ec27cb12532, Not Active, 0, 0, 1, 24576, 32, 29.71, 300
2026/04/02 17:01:06.629, GPU-a267a57f-d55d-8277-421e-50df32f51d78, Not Active, 0, 0, 1, 24576, 32, 22.95, 300
2026/04/02 17:01:11.666, GPU-91bec788-61b7-e51c-eeae-a6cdd03f11af, Not Active, 0, 0, 1, 24576, 31, 20.78, 300
2026/04/02 17:01:11.703, GPU-a723c805-7055-2b43-eb46-b37926a7520d, Not Active, 100, 76, 19124, 24576, 67, 247.74, 1470
2026/04/02 17:01:11.710, GPU-28720b7d-e6b0-a185-d30b-2ec27cb12532, Not Active, 0, 0, 1, 24576, 32, 29.29, 300
2026/04/02 17:01:11.745, GPU-a267a57f-d55d-8277-421e-50df32f51d78, Not Active, 0, 0, 1, 24576, 32, 22.89, 300
2026/04/02 17:01:16.781, GPU-91bec788-61b7-e51c-eeae-a6cdd03f11af, Not Active, 0, 0, 1, 24576, 31, 20.68, 300
2026/04/02 17:01:16.817, GPU-a723c805-7055-2b43-eb46-b37926a7520d, Not Active, 100, 76, 19124, 24576, 67, 255.63, 1470
2026/04/02 17:01:16.824, GPU-28720b7d-e6b0-a185-d30b-2ec27cb12532, Not Active, 0, 0, 1, 24576, 32, 29.60, 300
2026/04/02 17:01:16.860, GPU-a267a57f-d55d-8277-421e-50df32f51d78, Not Active, 0, 0, 1, 24576, 32, 22.93, 300
2026/04/02 17:01:21.897, GPU-91bec788-61b7-e51c-eeae-a6cdd03f11af, Not Active, 0, 0, 1, 24576, 31, 20.67, 300
2026/04/02 17:01:21.933, GPU-a723c805-7055-2b43-eb46-b37926a7520d, Not Active, 100, 75, 19124, 24576, 67, 250.35, 1455
2026/04/02 17:01:21.940, GPU-28720b7d-e6b0-a185-d30b-2ec27cb12532, Not Active, 0, 0, 1, 24576, 32, 29.94, 300
2026/04/02 17:01:21.975, GPU-a267a57f-d55d-8277-421e-50df32f51d78, Not Active, 0, 0, 1, 24576, 32, 22.99, 300
2026/04/02 17:01:27.015, GPU-91bec788-61b7-e51c-eeae-a6cdd03f11af, Not Active, 0, 0, 1, 24576, 31, 20.76, 300
2026/04/02 17:01:27.051, GPU-a723c805-7055-2b43-eb46-b37926a7520d, Not Active, 100, 74, 19124, 24576, 67, 259.21, 1455
2026/04/02 17:01:27.058, GPU-28720b7d-e6b0-a185-d30b-2ec27cb12532, Not Active, 0, 0, 1, 24576, 32, 29.79, 300
2026/04/02 17:01:27.094, GPU-a267a57f-d55d-8277-421e-50df32f51d78, Not Active, 0, 0, 1, 24576, 32, 22.82, 300
2026/04/02 17:01:32.130, GPU-91bec788-61b7-e51c-eeae-a6cdd03f11af, Not Active, 0, 0, 1, 24576, 31, 20.73, 300
2026/04/02 17:01:32.166, GPU-a723c805-7055-2b43-eb46-b37926a7520d, Not Active, 100, 75, 19124, 24576, 67, 251.89, 1470
2026/04/02 17:01:32.173, GPU-28720b7d-e6b0-a185-d30b-2ec27cb12532, Not Active, 0, 0, 1, 24576, 32, 29.86, 300
2026/04/02 17:01:32.210, GPU-a267a57f-d55d-8277-421e-50df32f51d78, Not Active, 0, 0, 1, 24576, 32, 22.96, 300
2026/04/02 17:01:37.247, GPU-91bec788-61b7-e51c-eeae-a6cdd03f11af, Not Active, 0, 0, 1, 24576, 31, 20.81, 300
2026/04/02 17:01:37.284, GPU-a723c805-7055-2b43-eb46-b37926a7520d, Not Active, 100, 76, 19124, 24576, 67, 257.20, 1455
2026/04/02 17:01:37.291, GPU-28720b7d-e6b0-a185-d30b-2ec27cb12532, Not Active, 0, 0, 1, 24576, 32, 29.74, 300
2026/04/02 17:01:37.327, GPU-a267a57f-d55d-8277-421e-50df32f51d78, Not Active, 0, 0, 1, 24576, 32, 22.81, 300
2026/04/02 17:01:42.363, GPU-91bec788-61b7-e51c-eeae-a6cdd03f11af, Not Active, 0, 0, 1, 24576, 31, 20.72, 300
2026/04/02 17:01:42.399, GPU-a723c805-7055-2b43-eb46-b37926a7520d, Not Active, 100, 74, 19124, 24576, 67, 258.52, 1470
2026/04/02 17:01:42.406, GPU-28720b7d-e6b0-a185-d30b-2ec27cb12532, Not Active, 0, 0, 1, 24576, 32, 29.69, 300
2026/04/02 17:01:42.443, GPU-a267a57f-d55d-8277-421e-50df32f51d78, Not Active, 0, 0, 1, 24576, 32, 23.24, 300
2026/04/02 17:01:47.478, GPU-91bec788-61b7-e51c-eeae-a6cdd03f11af, Not Active, 0, 0, 1, 24576, 31, 20.79, 300
2026/04/02 17:01:47.517, GPU-a723c805-7055-2b43-eb46-b37926a7520d, Not Active, 100, 76, 19124, 24576, 67, 247.01, 1470
2026/04/02 17:01:47.527, GPU-28720b7d-e6b0-a185-d30b-2ec27cb12532, Not Active, 0, 0, 1, 24576, 32, 29.69, 300
2026/04/02 17:01:47.564, GPU-a267a57f-d55d-8277-421e-50df32f51d78, Not Active, 0, 0, 1, 24576, 32, 23.42, 300
2026/04/02 17:01:52.599, GPU-91bec788-61b7-e51c-eeae-a6cdd03f11af, Not Active, 0, 0, 1, 24576, 31, 20.63, 300
2026/04/02 17:01:52.636, GPU-a723c805-7055-2b43-eb46-b37926a7520d, Not Active, 100, 76, 19124, 24576, 67, 252.93, 1470
2026/04/02 17:01:52.645, GPU-28720b7d-e6b0-a185-d30b-2ec27cb12532, Not Active, 0, 0, 1, 24576, 32, 29.50, 300
2026/04/02 17:01:52.681, GPU-a267a57f-d55d-8277-421e-50df32f51d78, Not Active, 0, 0, 1, 24576, 32, 23.36, 300
2026/04/02 17:01:57.718, GPU-91bec788-61b7-e51c-eeae-a6cdd03f11af, Not Active, 0, 0, 1, 24576, 31, 20.72, 300
2026/04/02 17:01:57.754, GPU-a723c805-7055-2b43-eb46-b37926a7520d, Not Active, 100, 76, 19124, 24576, 67, 248.94, 1470
2026/04/02 17:01:57.762, GPU-28720b7d-e6b0-a185-d30b-2ec27cb12532, Not Active, 0, 0, 1, 24576, 32, 29.73, 300
2026/04/02 17:01:57.798, GPU-a267a57f-d55d-8277-421e-50df32f51d78, Not Active, 0, 0, 1, 24576, 32, 23.34, 300
2026/04/02 17:02:02.835, GPU-91bec788-61b7-e51c-eeae-a6cdd03f11af, Not Active, 0, 0, 1, 24576, 31, 20.92, 300
2026/04/02 17:02:02.871, GPU-a723c805-7055-2b43-eb46-b37926a7520d, Not Active, 100, 76, 19124, 24576, 67, 250.79, 1485
2026/04/02 17:02:02.879, GPU-28720b7d-e6b0-a185-d30b-2ec27cb12532, Not Active, 0, 0, 1, 24576, 32, 29.60, 300
2026/04/02 17:02:02.915, GPU-a267a57f-d55d-8277-421e-50df32f51d78, Not Active, 0, 0, 1, 24576, 32, 23.27, 300
2026/04/02 17:02:07.951, GPU-91bec788-61b7-e51c-eeae-a6cdd03f11af, Not Active, 0, 0, 1, 24576, 31, 20.75, 300
2026/04/02 17:02:07.987, GPU-a723c805-7055-2b43-eb46-b37926a7520d, Not Active, 100, 73, 19124, 24576, 67, 251.77, 1470
2026/04/02 17:02:07.995, GPU-28720b7d-e6b0-a185-d30b-2ec27cb12532, Not Active, 0, 0, 1, 24576, 32, 29.59, 300
2026/04/02 17:02:08.031, GPU-a267a57f-d55d-8277-421e-50df32f51d78, Not Active, 0, 0, 1, 24576, 32, 23.28, 300
2026/04/02 17:02:13.068, GPU-91bec788-61b7-e51c-eeae-a6cdd03f11af, Not Active, 0, 0, 1, 24576, 31, 20.80, 300
2026/04/02 17:02:13.104, GPU-a723c805-7055-2b43-eb46-b37926a7520d, Not Active, 100, 75, 19124, 24576, 67, 247.31, 1485
2026/04/02 17:02:13.118, GPU-28720b7d-e6b0-a185-d30b-2ec27cb12532, Not Active, 0, 0, 1, 24576, 32, 29.48, 300
2026/04/02 17:02:13.155, GPU-a267a57f-d55d-8277-421e-50df32f51d78, Not Active, 0, 0, 1, 24576, 32, 23.24, 300
2026/04/02 17:02:18.192, GPU-91bec788-61b7-e51c-eeae-a6cdd03f11af, Not Active, 0, 0, 1, 24576, 31, 20.74, 300
2026/04/02 17:02:18.228, GPU-a723c805-7055-2b43-eb46-b37926a7520d, Not Active, 100, 74, 19124, 24576, 67, 260.76, 1455
2026/04/02 17:02:18.235, GPU-28720b7d-e6b0-a185-d30b-2ec27cb12532, Not Active, 0, 0, 1, 24576, 32, 29.89, 300
2026/04/02 17:02:18.271, GPU-a267a57f-d55d-8277-421e-50df32f51d78, Not Active, 0, 0, 1, 24576, 32, 23.20, 300
2026/04/02 17:02:23.307, GPU-91bec788-61b7-e51c-eeae-a6cdd03f11af, Not Active, 0, 0, 1, 24576, 31, 20.85, 300
2026/04/02 17:02:23.344, GPU-a723c805-7055-2b43-eb46-b37926a7520d, Not Active, 100, 76, 19124, 24576, 67, 252.83, 1470
2026/04/02 17:02:23.351, GPU-28720b7d-e6b0-a185-d30b-2ec27cb12532, Not Active, 0, 0, 1, 24576, 32, 29.69, 300
2026/04/02 17:02:23.387, GPU-a267a57f-d55d-8277-421e-50df32f51d78, Not Active, 0, 0, 1, 24576, 32, 23.35, 300
2026/04/02 17:02:28.423, GPU-91bec788-61b7-e51c-eeae-a6cdd03f11af, Not Active, 0, 0, 1, 24576, 31, 20.86, 300
2026/04/02 17:02:28.460, GPU-a723c805-7055-2b43-eb46-b37926a7520d, Not Active, 100, 76, 19124, 24576, 67, 248.40, 1470
2026/04/02 17:02:28.466, GPU-28720b7d-e6b0-a185-d30b-2ec27cb12532, Not Active, 0, 0, 1, 24576, 32, 29.41, 300
2026/04/02 17:02:28.502, GPU-a267a57f-d55d-8277-421e-50df32f51d78, Not Active, 0, 0, 1, 24576, 32, 23.22, 300
2026/04/02 17:02:33.538, GPU-91bec788-61b7-e51c-eeae-a6cdd03f11af, Not Active, 0, 0, 1, 24576, 31, 20.79, 300
2026/04/02 17:02:33.575, GPU-a723c805-7055-2b43-eb46-b37926a7520d, Not Active, 100, 74, 19124, 24576, 67, 259.54, 1470
2026/04/02 17:02:33.583, GPU-28720b7d-e6b0-a185-d30b-2ec27cb12532, Not Active, 0, 0, 1, 24576, 32, 29.31, 300
2026/04/02 17:02:33.619, GPU-a267a57f-d55d-8277-421e-50df32f51d78, Not Active, 0, 0, 1, 24576, 32, 23.09, 300
2026/04/02 17:02:38.655, GPU-91bec788-61b7-e51c-eeae-a6cdd03f11af, Not Active, 0, 0, 1, 24576, 31, 20.70, 300
2026/04/02 17:02:38.692, GPU-a723c805-7055-2b43-eb46-b37926a7520d, Not Active, 100, 80, 19124, 24576, 67, 251.41, 1500
2026/04/02 17:02:38.708, GPU-28720b7d-e6b0-a185-d30b-2ec27cb12532, Not Active, 0, 0, 1, 24576, 32, 29.49, 300
2026/04/02 17:02:38.744, GPU-a267a57f-d55d-8277-421e-50df32f51d78, Not Active, 0, 0, 1, 24576, 32, 23.09, 300
2026/04/02 17:02:43.780, GPU-91bec788-61b7-e51c-eeae-a6cdd03f11af, Not Active, 0, 0, 1, 24576, 31, 20.69, 300
2026/04/02 17:02:43.816, GPU-a723c805-7055-2b43-eb46-b37926a7520d, Not Active, 100, 83, 19124, 24576, 67, 232.13, 1485
2026/04/02 17:02:43.825, GPU-28720b7d-e6b0-a185-d30b-2ec27cb12532, Not Active, 0, 0, 1, 24576, 32, 29.38, 300
2026/04/02 17:02:43.860, GPU-a267a57f-d55d-8277-421e-50df32f51d78, Not Active, 0, 0, 1, 24576, 32, 23.01, 300
2026/04/02 17:02:48.896, GPU-91bec788-61b7-e51c-eeae-a6cdd03f11af, Not Active, 0, 0, 1, 24576, 31, 20.87, 300
2026/04/02 17:02:48.932, GPU-a723c805-7055-2b43-eb46-b37926a7520d, Not Active, 100, 81, 19124, 24576, 67, 255.22, 1485
2026/04/02 17:02:48.939, GPU-28720b7d-e6b0-a185-d30b-2ec27cb12532, Not Active, 0, 0, 1, 24576, 32, 29.80, 300
2026/04/02 17:02:48.975, GPU-a267a57f-d55d-8277-421e-50df32f51d78, Not Active, 0, 0, 1, 24576, 32, 23.15, 300
2026/04/02 17:02:54.012, GPU-91bec788-61b7-e51c-eeae-a6cdd03f11af, Not Active, 0, 0, 1, 24576, 31, 20.87, 300
2026/04/02 17:02:54.048, GPU-a723c805-7055-2b43-eb46-b37926a7520d, Not Active, 100, 73, 19124, 24576, 67, 260.01, 1470
2026/04/02 17:02:54.055, GPU-28720b7d-e6b0-a185-d30b-2ec27cb12532, Not Active, 0, 0, 1, 24576, 32, 29.51, 300
2026/04/02 17:02:54.093, GPU-a267a57f-d55d-8277-421e-50df32f51d78, Not Active, 0, 0, 1, 24576, 32, 22.92, 300
2026/04/02 17:02:59.129, GPU-91bec788-61b7-e51c-eeae-a6cdd03f11af, Not Active, 0, 0, 1, 24576, 31, 20.77, 300
2026/04/02 17:02:59.165, GPU-a723c805-7055-2b43-eb46-b37926a7520d, Not Active, 100, 74, 19124, 24576, 67, 252.85, 1455
2026/04/02 17:02:59.171, GPU-28720b7d-e6b0-a185-d30b-2ec27cb12532, Not Active, 0, 0, 1, 24576, 32, 29.33, 300
2026/04/02 17:02:59.208, GPU-a267a57f-d55d-8277-421e-50df32f51d78, Not Active, 0, 0, 1, 24576, 32, 22.83, 300
2026/04/02 17:03:04.244, GPU-91bec788-61b7-e51c-eeae-a6cdd03f11af, Not Active, 0, 0, 1, 24576, 31, 20.84, 300
2026/04/02 17:03:04.280, GPU-a723c805-7055-2b43-eb46-b37926a7520d, Not Active, 100, 76, 19124, 24576, 67, 248.09, 1470
2026/04/02 17:03:04.287, GPU-28720b7d-e6b0-a185-d30b-2ec27cb12532, Not Active, 0, 0, 1, 24576, 32, 29.64, 300
2026/04/02 17:03:04.323, GPU-a267a57f-d55d-8277-421e-50df32f51d78, Not Active, 0, 0, 1, 24576, 32, 23.08, 300
2026/04/02 17:03:09.359, GPU-91bec788-61b7-e51c-eeae-a6cdd03f11af, Not Active, 0, 0, 1, 24576, 31, 20.83, 300
2026/04/02 17:03:09.396, GPU-a723c805-7055-2b43-eb46-b37926a7520d, Not Active, 100, 75, 19124, 24576, 67, 251.17, 1470
2026/04/02 17:03:09.403, GPU-28720b7d-e6b0-a185-d30b-2ec27cb12532, Not Active, 0, 0, 1, 24576, 32, 29.36, 300
2026/04/02 17:03:09.439, GPU-a267a57f-d55d-8277-421e-50df32f51d78, Not Active, 0, 0, 1, 24576, 32, 23.01, 300
2026/04/02 17:03:14.476, GPU-91bec788-61b7-e51c-eeae-a6cdd03f11af, Not Active, 0, 0, 1, 24576, 31, 20.87, 300
2026/04/02 17:03:14.513, GPU-a723c805-7055-2b43-eb46-b37926a7520d, Not Active, 100, 75, 19124, 24576, 67, 260.04, 1470
2026/04/02 17:03:14.520, GPU-28720b7d-e6b0-a185-d30b-2ec27cb12532, Not Active, 0, 0, 1, 24576, 32, 29.79, 300
2026/04/02 17:03:14.556, GPU-a267a57f-d55d-8277-421e-50df32f51d78, Not Active, 0, 0, 1, 24576, 32, 22.96, 300
2026/04/02 17:03:19.592, GPU-91bec788-61b7-e51c-eeae-a6cdd03f11af, Not Active, 0, 0, 1, 24576, 31, 20.77, 300
2026/04/02 17:03:19.628, GPU-a723c805-7055-2b43-eb46-b37926a7520d, Not Active, 100, 72, 19124, 24576, 67, 260.23, 1455
2026/04/02 17:03:19.636, GPU-28720b7d-e6b0-a185-d30b-2ec27cb12532, Not Active, 0, 0, 1, 24576, 32, 29.34, 300
2026/04/02 17:03:19.672, GPU-a267a57f-d55d-8277-421e-50df32f51d78, Not Active, 0, 0, 1, 24576, 32, 23.42, 300
2026/04/02 17:03:24.709, GPU-91bec788-61b7-e51c-eeae-a6cdd03f11af, Not Active, 0, 0, 1, 24576, 31, 20.73, 300
2026/04/02 17:03:24.746, GPU-a723c805-7055-2b43-eb46-b37926a7520d, Not Active, 100, 76, 19124, 24576, 67, 253.63, 1470
2026/04/02 17:03:24.755, GPU-28720b7d-e6b0-a185-d30b-2ec27cb12532, Not Active, 0, 0, 1, 24576, 32, 29.71, 300
2026/04/02 17:03:24.792, GPU-a267a57f-d55d-8277-421e-50df32f51d78, Not Active, 0, 0, 1, 24576, 32, 23.51, 300
2026/04/02 17:03:29.827, GPU-91bec788-61b7-e51c-eeae-a6cdd03f11af, Not Active, 0, 0, 1, 24576, 31, 20.72, 300
2026/04/02 17:03:29.864, GPU-a723c805-7055-2b43-eb46-b37926a7520d, Not Active, 100, 74, 19124, 24576, 67, 252.90, 1470
2026/04/02 17:03:29.871, GPU-28720b7d-e6b0-a185-d30b-2ec27cb12532, Not Active, 0, 0, 1, 24576, 32, 29.92, 300
2026/04/02 17:03:29.907, GPU-a267a57f-d55d-8277-421e-50df32f51d78, Not Active, 0, 0, 1, 24576, 32, 22.87, 300
2026/04/02 17:03:34.943, GPU-91bec788-61b7-e51c-eeae-a6cdd03f11af, Not Active, 0, 0, 1, 24576, 31, 20.65, 300
2026/04/02 17:03:34.980, GPU-a723c805-7055-2b43-eb46-b37926a7520d, Not Active, 100, 74, 19124, 24576, 67, 250.05, 1470
2026/04/02 17:03:34.987, GPU-28720b7d-e6b0-a185-d30b-2ec27cb12532, Not Active, 0, 0, 1, 24576, 32, 29.28, 300
2026/04/02 17:03:35.023, GPU-a267a57f-d55d-8277-421e-50df32f51d78, Not Active, 0, 0, 1, 24576, 32, 22.85, 300
2026/04/02 17:03:40.059, GPU-91bec788-61b7-e51c-eeae-a6cdd03f11af, Not Active, 0, 0, 1, 24576, 31, 20.73, 300
2026/04/02 17:03:40.095, GPU-a723c805-7055-2b43-eb46-b37926a7520d, Not Active, 100, 77, 19124, 24576, 67, 246.00, 1470
2026/04/02 17:03:40.102, GPU-28720b7d-e6b0-a185-d30b-2ec27cb12532, Not Active, 0, 0, 1, 24576, 32, 29.52, 300
2026/04/02 17:03:40.138, GPU-a267a57f-d55d-8277-421e-50df32f51d78, Not Active, 0, 0, 1, 24576, 32, 22.88, 300
2026/04/02 17:03:45.174, GPU-91bec788-61b7-e51c-eeae-a6cdd03f11af, Not Active, 0, 0, 1, 24576, 31, 20.70, 300
2026/04/02 17:03:45.210, GPU-a723c805-7055-2b43-eb46-b37926a7520d, Not Active, 100, 75, 19124, 24576, 67, 253.85, 1470
2026/04/02 17:03:45.216, GPU-28720b7d-e6b0-a185-d30b-2ec27cb12532, Not Active, 0, 0, 1, 24576, 32, 29.58, 300
2026/04/02 17:03:45.252, GPU-a267a57f-d55d-8277-421e-50df32f51d78, Not Active, 0, 0, 1, 24576, 32, 22.81, 300
2026/04/02 17:03:50.289, GPU-91bec788-61b7-e51c-eeae-a6cdd03f11af, Not Active, 0, 0, 1, 24576, 31, 20.85, 300
2026/04/02 17:03:50.325, GPU-a723c805-7055-2b43-eb46-b37926a7520d, Not Active, 100, 76, 19124, 24576, 67, 259.86, 1470
2026/04/02 17:03:50.331, GPU-28720b7d-e6b0-a185-d30b-2ec27cb12532, Not Active, 0, 0, 1, 24576, 32, 29.42, 300
2026/04/02 17:03:50.367, GPU-a267a57f-d55d-8277-421e-50df32f51d78, Not Active, 0, 0, 1, 24576, 32, 22.85, 300
2026/04/02 17:03:55.404, GPU-91bec788-61b7-e51c-eeae-a6cdd03f11af, Not Active, 0, 0, 1, 24576, 31, 20.73, 300
2026/04/02 17:03:55.441, GPU-a723c805-7055-2b43-eb46-b37926a7520d, Not Active, 100, 72, 19124, 24576, 67, 249.15, 1485
2026/04/02 17:03:55.448, GPU-28720b7d-e6b0-a185-d30b-2ec27cb12532, Not Active, 0, 0, 1, 24576, 32, 29.43, 300
2026/04/02 17:03:55.484, GPU-a267a57f-d55d-8277-421e-50df32f51d78, Not Active, 0, 0, 1, 24576, 32, 23.18, 300
2026/04/02 17:04:00.521, GPU-91bec788-61b7-e51c-eeae-a6cdd03f11af, Not Active, 0, 0, 1, 24576, 31, 20.66, 300
2026/04/02 17:04:00.558, GPU-a723c805-7055-2b43-eb46-b37926a7520d, Not Active, 100, 77, 19124, 24576, 67, 260.45, 1470
2026/04/02 17:04:00.567, GPU-28720b7d-e6b0-a185-d30b-2ec27cb12532, Not Active, 0, 0, 1, 24576, 32, 29.18, 300
2026/04/02 17:04:00.603, GPU-a267a57f-d55d-8277-421e-50df32f51d78, Not Active, 0, 0, 1, 24576, 32, 22.76, 300
2026/04/02 17:04:05.640, GPU-91bec788-61b7-e51c-eeae-a6cdd03f11af, Not Active, 0, 0, 1, 24576, 31, 20.88, 300
2026/04/02 17:04:05.677, GPU-a723c805-7055-2b43-eb46-b37926a7520d, Not Active, 100, 74, 19124, 24576, 67, 251.99, 1470
2026/04/02 17:04:05.684, GPU-28720b7d-e6b0-a185-d30b-2ec27cb12532, Not Active, 0, 0, 1, 24576, 32, 29.60, 300
2026/04/02 17:04:05.721, GPU-a267a57f-d55d-8277-421e-50df32f51d78, Not Active, 0, 0, 1, 24576, 32, 23.12, 300
2026/04/02 17:04:10.756, GPU-91bec788-61b7-e51c-eeae-a6cdd03f11af, Not Active, 0, 0, 1, 24576, 31, 20.61, 300
2026/04/02 17:04:10.793, GPU-a723c805-7055-2b43-eb46-b37926a7520d, Not Active, 100, 75, 19124, 24576, 67, 256.02, 1455
2026/04/02 17:04:10.800, GPU-28720b7d-e6b0-a185-d30b-2ec27cb12532, Not Active, 0, 0, 1, 24576, 32, 29.79, 300
2026/04/02 17:04:10.836, GPU-a267a57f-d55d-8277-421e-50df32f51d78, Not Active, 0, 0, 1, 24576, 32, 22.86, 300
2026/04/02 17:04:15.873, GPU-91bec788-61b7-e51c-eeae-a6cdd03f11af, Not Active, 0, 0, 1, 24576, 31, 20.67, 300
2026/04/02 17:04:15.909, GPU-a723c805-7055-2b43-eb46-b37926a7520d, Not Active, 100, 74, 19124, 24576, 67, 259.76, 1455
2026/04/02 17:04:15.916, GPU-28720b7d-e6b0-a185-d30b-2ec27cb12532, Not Active, 0, 0, 1, 24576, 32, 29.46, 300
2026/04/02 17:04:15.952, GPU-a267a57f-d55d-8277-421e-50df32f51d78, Not Active, 0, 0, 1, 24576, 32, 22.79, 300
2026/04/02 17:04:20.990, GPU-91bec788-61b7-e51c-eeae-a6cdd03f11af, Not Active, 0, 0, 1, 24576, 31, 20.58, 300
2026/04/02 17:04:21.026, GPU-a723c805-7055-2b43-eb46-b37926a7520d, Not Active, 100, 74, 19124, 24576, 67, 260.40, 1470
2026/04/02 17:04:21.033, GPU-28720b7d-e6b0-a185-d30b-2ec27cb12532, Not Active, 0, 0, 1, 24576, 32, 29.75, 300
2026/04/02 17:04:21.068, GPU-a267a57f-d55d-8277-421e-50df32f51d78, Not Active, 0, 0, 1, 24576, 32, 23.05, 300
2026/04/02 17:04:26.104, GPU-91bec788-61b7-e51c-eeae-a6cdd03f11af, Not Active, 0, 0, 1, 24576, 30, 20.60, 300
2026/04/02 17:04:26.140, GPU-a723c805-7055-2b43-eb46-b37926a7520d, Not Active, 100, 74, 19124, 24576, 67, 253.02, 1470
2026/04/02 17:04:26.148, GPU-28720b7d-e6b0-a185-d30b-2ec27cb12532, Not Active, 0, 0, 1, 24576, 32, 29.51, 300
2026/04/02 17:04:26.183, GPU-a267a57f-d55d-8277-421e-50df32f51d78, Not Active, 0, 0, 1, 24576, 32, 22.97, 300
2026/04/02 17:04:31.220, GPU-91bec788-61b7-e51c-eeae-a6cdd03f11af, Not Active, 0, 0, 1, 24576, 30, 20.78, 300
2026/04/02 17:04:31.257, GPU-a723c805-7055-2b43-eb46-b37926a7520d, Not Active, 100, 74, 19124, 24576, 67, 249.38, 1470
2026/04/02 17:04:31.264, GPU-28720b7d-e6b0-a185-d30b-2ec27cb12532, Not Active, 0, 0, 1, 24576, 32, 29.27, 300
2026/04/02 17:04:31.300, GPU-a267a57f-d55d-8277-421e-50df32f51d78, Not Active, 0, 0, 1, 24576, 32, 23.21, 300
2026/04/02 17:04:36.336, GPU-91bec788-61b7-e51c-eeae-a6cdd03f11af, Not Active, 0, 0, 1, 24576, 31, 20.56, 300
2026/04/02 17:04:36.373, GPU-a723c805-7055-2b43-eb46-b37926a7520d, Not Active, 100, 76, 19124, 24576, 67, 237.86, 1500
2026/04/02 17:04:36.381, GPU-28720b7d-e6b0-a185-d30b-2ec27cb12532, Not Active, 0, 0, 1, 24576, 32, 29.48, 300
2026/04/02 17:04:36.417, GPU-a267a57f-d55d-8277-421e-50df32f51d78, Not Active, 0, 0, 1, 24576, 32, 22.87, 300
2026/04/02 17:04:41.454, GPU-91bec788-61b7-e51c-eeae-a6cdd03f11af, Not Active, 0, 0, 1, 24576, 31, 20.59, 300
2026/04/02 17:04:41.490, GPU-a723c805-7055-2b43-eb46-b37926a7520d, Not Active, 100, 81, 19124, 24576, 67, 253.44, 1470
2026/04/02 17:04:41.499, GPU-28720b7d-e6b0-a185-d30b-2ec27cb12532, Not Active, 0, 0, 1, 24576, 32, 29.60, 300
2026/04/02 17:04:41.534, GPU-a267a57f-d55d-8277-421e-50df32f51d78, Not Active, 0, 0, 1, 24576, 32, 23.18, 300
2026/04/02 17:04:46.571, GPU-91bec788-61b7-e51c-eeae-a6cdd03f11af, Not Active, 0, 0, 1, 24576, 31, 20.66, 300
2026/04/02 17:04:46.608, GPU-a723c805-7055-2b43-eb46-b37926a7520d, Not Active, 100, 83, 19124, 24576, 67, 255.76, 1470
2026/04/02 17:04:46.615, GPU-28720b7d-e6b0-a185-d30b-2ec27cb12532, Not Active, 0, 0, 1, 24576, 32, 29.29, 300
2026/04/02 17:04:46.651, GPU-a267a57f-d55d-8277-421e-50df32f51d78, Not Active, 0, 0, 1, 24576, 32, 23.22, 300
2026/04/02 17:04:51.